Nombre,Descripcion,Direccion,Precio por noche,Propietario,Calificacion,Permite mascotas,En mantenimiento,Capacidad maxima,Cantidad banos,Cantidad dormitorios,Galeria
Casa del Mar,Una casa con vistas espectaculares al mar. Disfruta de amaneceres inolvidables desde la terraza, acceso directo a una playa tranquila y equipada con todas las comodidades modernas. Ideal para familias o grupos de amigos.,Calle Arena 23, 08003, Barcelona, Cataluña, Barcelona, España,180.00,saragonzalez85,4.7,True,False,8,3,4,saragonzalez85_imagen_*
Villa Aurora,Un refugio perfecto en la costa para desconectar del estrés diario. Rodeada de jardines, esta villa cuenta con una piscina privada, amplias zonas de estar y una decoración elegante que combina lujo y confort. Perfecta para reuniones familiares o celebraciones especiales.,Camino del Faro 12, 11300, La Línea de la Concepción, Andalucía, Cádiz, España,250.00,david_martinez,4.9,True,False,12,4,6,david_martinez_imagen_*
Apartamento Mediterráneo,Un acogedor apartamento con diseño moderno y vistas al puerto. Este espacio cuenta con una cocina completamente equipada, un salón luminoso y una pequeña terraza ideal para disfrutar de un desayuno al aire libre. Perfecto para parejas o viajeros individuales.,Paseo Marítimo 88, 29016, Málaga, Andalucía, Málaga, España,95.00,laura_fernandez,4.2,False,False,4,1,2,laura_fernandez_imagen_*
Casa Rural Encanto,Una casa de campo rodeada de naturaleza y tranquilidad. Situada cerca de rutas de senderismo, esta propiedad es perfecta para los amantes de la naturaleza. Dispone de chimenea, zona de barbacoa y una cocina rústica equipada con todo lo necesario para una estancia cómoda.,Carretera Vieja 57, 37750, Candelario, Castilla y León, Salamanca, España,120.00,pedromoreno93,4.5,True,False,6,2,3,pedromoreno93_imagen_*
Estudio Playa,Un estudio ideal para escapadas cortas, a 5 minutos de la playa. Este pequeño pero funcional espacio cuenta con todo lo esencial, incluyendo Wi-Fi, aire acondicionado y un balcón con vistas parciales al mar. Ideal para parejas o viajeros solos que buscan una experiencia relajante.,Calle Costa Azul 19, 03501, Benidorm, Comunidad Valenciana, Alicante, España,70.00,martacarbonell,3.8,False,True,2,1,1,martacarbonell_imagen_*
Chalet Encinas,Un chalet con piscina privada y vistas a la sierra. Decorado con estilo rústico, este alojamiento cuenta con amplias habitaciones, salón con chimenea y una gran terraza. Perfecto para escapadas familiares o de amigos que buscan paz y exclusividad.,Camino Los Encinos 42, 28200, San Lorenzo de El Escorial, Comunidad de Madrid, Madrid, España,220.00,marianagt84,4.6,True,False,10,3,5,marianagt84_imagen_*
Cabaña Bosque,Una rústica cabaña rodeada de pinos, ideal para desconectar. Este espacio combina lo mejor de la naturaleza con comodidades modernas como calefacción y cocina equipada. Además, cuenta con una terraza perfecta para disfrutar de las noches estrelladas.,Ruta del Roble 3, 19300, Sigüenza, Castilla-La Mancha, Guadalajara, España,140.00,luisrodriguez89,4.1,True,False,6,2,3,luisrodriguez89_imagen_*
Apartamento Panorámico,Un moderno apartamento con vistas espectaculares a la ciudad. Este espacio combina diseño contemporáneo con funcionalidad. Incluye una cocina equipada, un salón amplio y un dormitorio acogedor. Ideal para quienes buscan explorar la vida urbana.,Avenida Panorama 101, 46023, Valencia, Comunidad Valenciana, Valencia, España,110.00,jgarcia95,4.0,False,False,4,1,2,jgarcia95_imagen_*
Casa Familiar,Un amplio espacio perfecto para vacaciones familiares. Esta casa cuenta con una cocina moderna, salón con sistema de entretenimiento y un jardín trasero con zona de juegos. Ideal para familias con niños pequeños o grupos que buscan comodidad y espacio.,Calle Primavera 6, 41010, Sevilla, Andalucía, Sevilla, España,160.00,cristina.perez,4.8,True,False,8,3,4,cristina.perez_imagen_*
Villa Jardín,Una villa con amplios jardines y zona de barbacoa. Perfecta para reuniones, esta propiedad incluye una cocina exterior, piscina privada y varias terrazas. La decoración combina modernidad con toques tradicionales, creando un ambiente cálido y acogedor.,Camino Verde 98, 02006, Albacete, Castilla-La Mancha, Albacete, España,200.00,alejandro_ruiz,4.7,True,False,10,3,5,alejandro_ruiz_imagen_*